{
  "config": {
    "seeds": 5,
    "train": 35,
    "eval": 12,
    "quick": false
  },
  "seeds": [
    42,
    179,
    316,
    453,
    590
  ],
  "methods": {
    "Random": {
      "latency": [
        1.9373327555213646,
        0.02894543024944399
      ],
      "energy": [
        1.7957675557824455,
        0.011917769243382694
      ],
      "f1": [
        0.0,
        0.0
      ],
      "f2": [
        0.22625,
        0.01321562627262809
      ],
      "f3": [
        0.04958333333333333,
        0.003584302194601096
      ]
    },
    "Greedy": {
      "latency": [
        0.16355028812746886,
        0.006778612951462593
      ],
      "energy": [
        0.27735608700996583,
        0.004315886839526787
      ],
      "f1": [
        0.0,
        0.0
      ],
      "f2": [
        0.0,
        0.0
      ],
      "f3": [
        0.0,
        0.0
      ]
    },
    "Single-DQN": {
      "latency": [
        0.153503777610096,
        0.01829690508356343
      ],
      "energy": [
        0.9105837945801977,
        0.0938177536705551
      ],
      "f1": [
        0.0,
        0.0
      ],
      "f2": [
        0.00041666666666666664,
        0.0008333333333333333
      ],
      "f3": [
        0.0,
        0.0
      ]
    },
    "Classical-HRL": {
      "latency": [
        0.14737586858773916,
        0.016052860815616903
      ],
      "energy": [
        0.3466756984906224,
        0.09494787902651103
      ],
      "f1": [
        0.0,
        0.0
      ],
      "f2": [
        0.0,
        0.0
      ],
      "f3": [
        0.0,
        0.0
      ]
    },
    "Quantum-HRL": {
      "latency": [
        0.11739768912418262,
        0.03828286696449534
      ],
      "energy": [
        0.9708439035325107,
        0.3220451836057099
      ],
      "f1": [
        0.0,
        0.0
      ],
      "f2": [
        0.0,
        0.0
      ],
      "f3": [
        0.0,
        0.0
      ]
    }
  },
  "significance": {
    "welch_t": -15.25573085957114,
    "welch_p": 2.454235747915606e-51,
    "mannwhitney_U": 2038644.0,
    "mannwhitney_p": 9.007409596100265e-69,
    "q_mean": 0.11739768912418261,
    "c_mean": 0.14737586858773913,
    "n_q": 2400,
    "n_c": 2400
  },
  "ablation": {
    "Full Quantum-HRL": [
      0.10784132045393764,
      0.02142529870912336
    ],
    "w/o QAOA (random node)": [
      0.22154220267502744,
      0.15572269163075184
    ],
    "w/o VQC (random tier/ratio)": [
      2.0085061931424044,
      0.09410272359273297
    ]
  },
  "params": {
    "W_DQN_tier": 6144,
    "W_DQN_node": 6400,
    "W_DQN_ratio": 7680,
    "W_HRL": 20224,
    "W_SingleDQN": 17920,
    "W_VQC": 20,
    "W_QAOA": 4,
    "W_QHRL": 24,
    "reduction": 842.6666666666666,
    "reduction_vs_sdqn": 746.6666666666666
  },
  "wallclock_s": 3248.5344824790955
}